{
    "0": {
        "photograph": 0.016178919819176778, 
        "join": 0.019985724482512492, 
        "photo": 0.053771115869616942, 
        "book": 0.021413276231263382, 
        "earth": 0.022840827980014276, 
        "photographer": 0.016416845110635261, 
        "artwolfe": 0.017844396859386154
    }, 
    "1": {
        "blog": 0.031939338235294115, 
        "art": 0.15877757352941177, 
        "image": 0.061121323529411763, 
        "wolfe": 0.088694852941176475, 
        "location": 0.020680147058823529, 
        "open": 0.011948529411764705, 
        "happy": 0.018841911764705881
    }, 
    "2": {
        "week": 0.021627906976744184, 
        "show": 0.01441860465116279, 
        "edge": 0.016511627906976745, 
        "month": 0.016046511627906976, 
        "travels": 0.012558139534883722, 
        "workshop": 0.041162790697674416, 
        "print": 0.019069767441860466
    }, 
    "3": {
        "enjoy": 0.012137077582103761, 
        "national": 0.028081865778200855, 
        "park": 0.024512137077582104, 
        "check": 0.018800571156592099, 
        "time": 0.015230842455973346, 
        "world": 0.012613041408852927, 
        "gallery": 0.028319847691575441
    }, 
    "4": {
        "nature": 0.018899125915426411, 
        "photographer": 0.011811953697141508, 
        "photography": 0.049846444601937163, 
        "seattle": 0.01748169147176943, 
        "weekend": 0.016772974249940939, 
        "trip": 0.012756909992912827, 
        "seminar": 0.021733994802740374
    }
}