{
    "0": {
        "friday": 0.035838725734196115, 
        "cat": 0.015430562468889995, 
        "wonderful": 0.054255848680935789, 
        "clic": 0.013937282229965157, 
        "kindness": 0.014932802389248382, 
        "weekend": 0.087108013937282236, 
        "ig": 0.013439522150323544
    }, 
    "1": {
        "heart": 0.013340174448435094, 
        "life": 0.022575679835813236, 
        "love": 0.080554130323242684, 
        "sweet": 0.026167265264238071, 
        "de": 0.020010261672652643, 
        "smile": 0.016418676244227808, 
        "friend": 0.031298101590559263
    }, 
    "2": {
        "summer": 0.028028028028028028, 
        "night": 0.018518518518518517, 
        "photography": 0.038038038038038041, 
        "twitterworld": 0.04954954954954955, 
        "morning": 0.078078078078078081, 
        "time": 0.031531531531531529, 
        "lovely": 0.048548548548548551
    }, 
    "3": {
        "beautiful": 0.10969011313330054, 
        "week": 0.052631578947368418, 
        "monday": 0.013280865715691098, 
        "photo": 0.014264633546483029, 
        "autumn": 0.01721593703885883, 
        "world": 0.027545499262174127, 
        "friends": 0.067388096409247422
    }, 
    "4": {
        "enjoy": 0.033668341708542715, 
        "hug": 0.018090452261306532, 
        "sunday": 0.015577889447236181, 
        "dear": 0.074371859296482407, 
        "day": 0.019597989949748745, 
        "hope": 0.034170854271356785, 
        "happy": 0.048743718592964821
    }
}