{
    "0": {
        "week": 0.014549653579676674, 
        "dont": 0.017321016166281754, 
        "travel": 0.031408775981524251, 
        "im": 0.021247113163972285, 
        "time": 0.013394919168591224, 
        "ill": 0.012471131639722863, 
        "instagram": 0.014780600461893764
    }, 
    "1": {
        "photographer": 0.017341040462427744, 
        "canon": 0.033988439306358378, 
        "lens": 0.021271676300578034, 
        "camera": 0.019653179190751446, 
        "namibia": 0.033988439306358378, 
        "world": 0.012023121387283236, 
        "trip": 0.012023121387283236
    }, 
    "2": {
        "bernabe": 0.013622719926114061, 
        "blue": 0.012699145693835142, 
        "richard": 0.01708612329716001, 
        "iceland": 0.038097437081505425, 
        "image": 0.021703994458554605, 
        "free": 0.012930039251904871, 
        "photo": 0.021934888016624337
    }, 
    "3": {
        "wildlife": 0.089743589743589744, 
        "island": 0.01790450928381963, 
        "photography": 0.1237842617152962, 
        "alaska": 0.01967285587975243, 
        "bear": 0.01967285587975243, 
        "serengeti": 0.016136162687886826, 
        "icymi": 0.038240495137046859
    }, 
    "4": {
        "mountain": 0.024142312579415501, 
        "usa": 0.030707327403642525, 
        "nature": 0.021177467174925878, 
        "light": 0.024142312579415501, 
        "national": 0.091063108852181274, 
        "park": 0.08026260059296908, 
        "photography": 0.021812791190173656
    }
}