{
    "0": {
        "show": 0.067620650953984285, 
        "hsmeltzerjunocom": 0.036195286195286197, 
        "tonight": 0.023569023569023569, 
        "night": 0.015432098765432098, 
        "report": 0.026374859708193043, 
        "fl": 0.014029180695847363, 
        "talk": 0.013187429854096521
    }, 
    "1": {
        "story": 0.019942196531791908, 
        "njpw": 0.016184971098265895, 
        "work": 0.016763005780346819, 
        "wwe": 0.023699421965317918, 
        "time": 0.032947976878612714, 
        "japan": 0.015895953757225433, 
        "guy": 0.026878612716763006
    }, 
    "2": {
        "vince": 0.016006739679865205, 
        "ufc": 0.017130019657399607, 
        "years": 0.030328559393428812, 
        "wwe": 0.031171019376579612, 
        "lot": 0.014321819713563605, 
        "year": 0.022465599550688008, 
        "match": 0.049424319011513618
    }, 
    "3": {
        "week": 0.018606024808033077, 
        "ive": 0.011222681630242174, 
        "big": 0.033668044890726521, 
        "funk": 0.014766686355581808, 
        "cena": 0.011222681630242174, 
        "change": 0.011813349084465446, 
        "flair": 0.014471352628470172
    }, 
    "4": {
        "wrestle": 0.052291256676974977, 
        "dont": 0.036266516727579419, 
        "read": 0.012932246274950801, 
        "make": 0.017430418892324991, 
        "im": 0.01490019679505201, 
        "world": 0.017711554680910881, 
        "issue": 0.018836097835254428
    }
}