{
    "0": {
        "stardom": 0.021668472372697724, 
        "stop": 0.0078548212351029247, 
        "prowrestling": 0.012730227518959913, 
        "years": 0.013001083423618635, 
        "mayu": 0.011375947995666305, 
        "start": 0.0078548212351029247, 
        "io": 0.0078548212351029247
    }, 
    "1": {
        "week": 0.009088405397961994, 
        "dont": 0.023409529055356652, 
        "make": 0.01735059212338199, 
        "watch": 0.01321949876067199, 
        "lol": 0.021757091710272652, 
        "fan": 0.01019003029468466, 
        "wrestlemania": 0.014321123657394658
    }, 
    "2": {
        "wrestle": 0.028419654714475433, 
        "love": 0.013014608233731739, 
        "greatmusic": 0.011155378486055778, 
        "give": 0.010092961487383798, 
        "lot": 0.011155378486055778, 
        "year": 0.011420982735723771, 
        "world": 0.018061088977423638
    }, 
    "3": {
        "show": 0.017492711370262391, 
        "wwe": 0.014842300556586271, 
        "im": 0.026769149218128809, 
        "vote": 0.010071561091969255, 
        "sdlive": 0.011396766498807316, 
        "guy": 0.014312218393851047, 
        "man": 0.011131725417439703
    }, 
    "4": {
        "star": 0.0089918256130790183, 
        "trump": 0.01226158038147139, 
        "feel": 0.010899182561307902, 
        "randomthoughts": 0.019073569482288829, 
        "time": 0.018256130790190735, 
        "match": 0.019346049046321527, 
        "cool": 0.010899182561307902
    }
}