{
    "0": {
        "wildlife": 0.021922428330522766, 
        "show": 0.027463261864610938, 
        "photo": 0.015658877378944832, 
        "im": 0.026981450252951095, 
        "night": 0.016622500602264514, 
        "aviation": 0.015417971573114912, 
        "post": 0.015899783184774752
    }, 
    "1": {
        "join": 0.013497228247770547, 
        "photography": 0.020727886237647625, 
        "fotobuzz": 0.035430224150397684, 
        "yesterday": 0.018076644974692697, 
        "camera": 0.013738250180766449, 
        "lot": 0.013497228247770547, 
        "talk": 0.023138105567606652
    }, 
    "2": {
        "week": 0.025710088148873652, 
        "love": 0.029138099902056808, 
        "air": 0.019098922624877571, 
        "cheers": 0.014936336924583741, 
        "amazing": 0.027913809990205679, 
        "mate": 0.02179236043095005, 
        "time": 0.020568070519098921
    }, 
    "3": {
        "beautiful": 0.021961567257299724, 
        "shot": 0.037184926378837038, 
        "awesome": 0.025705016221612177, 
        "morning": 0.027451959071624656, 
        "tiger": 0.032942350885949587, 
        "lovely": 0.021712003993012229, 
        "nice": 0.023958073371599699
    }, 
    "4": {
        "photographer": 0.021515892420537898, 
        "image": 0.036185819070904644, 
        "pic": 0.014914425427872861, 
        "blog": 0.020293398533007333, 
        "cool": 0.018826405867970662, 
        "check": 0.029828850855745721, 
        "latest": 0.015647921760391197
    }
}