{
    "0": {
        "wildlife": 0.011499647969960104, 
        "join": 0.012673081436282563, 
        "check": 0.010560901196902136, 
        "photos": 0.011030274583431119, 
        "workshop": 0.015254635062191975, 
        "time": 0.011499647969960104, 
        "gallery": 0.018070875381365877
    }, 
    "1": {
        "artwolfe": 0.018633540372670808, 
        "photo": 0.015155279503105591, 
        "photography": 0.012422360248447204, 
        "travels": 0.012173913043478261, 
        "photos": 0.01391304347826087, 
        "edge": 0.015652173913043479, 
        "explorecreateinspire": 0.015652173913043479
    }, 
    "2": {
        "blog": 0.017289073305670817, 
        "art": 0.15283540802213003, 
        "national": 0.026048870447210697, 
        "wolfe": 0.088520055325034583, 
        "workshop": 0.020285846011987092, 
        "location": 0.01705855232826187, 
        "images": 0.040571692023974183
    }, 
    "3": {
        "nature": 0.012823614807645777, 
        "photography": 0.044761674328574884, 
        "alaska": 0.010887974836680378, 
        "images": 0.0099201548511976771, 
        "print": 0.010887974836680378, 
        "gallery": 0.0099201548511976771, 
        "seminar": 0.013307524800387127
    }, 
    "4": {
        "week": 0.011513552410650036, 
        "photo": 0.014631806188534421, 
        "book": 0.016071000239865674, 
        "earth": 0.020628448069081314, 
        "seattle": 0.017510194291196931, 
        "weekend": 0.015351403214200048, 
        "witness": 0.013432477812425042
    }
}