{
    "0": {
        "gear": 0.031147181399429701, 
        "photo": 0.047817503838561086, 
        "photography": 0.10375082254880456, 
        "enter": 0.025224830006580389, 
        "giveaway": 0.043211230533011624, 
        "photographer": 0.028734371572713316, 
        "win": 0.025005483658697081
    }, 
    "1": {
        "service": 0.010572687224669603, 
        "photography": 0.070044052863436124, 
        "d850": 0.025550660792951541, 
        "nikon": 0.059471365638766517, 
        "photographers": 0.024449339207048459, 
        "lightroom": 0.011233480176211454, 
        "pro": 0.010792951541850219
    }, 
    "2": {
        "photography": 0.034857904085257546, 
        "canon": 0.053730017761989345, 
        "competition": 0.020648312611012434, 
        "a7riii": 0.026198934280639432, 
        "eos": 0.020870337477797513, 
        "camera": 0.030861456483126111, 
        "sony": 0.053063943161634104
    }, 
    "3": {
        "photo": 0.019590958019375673, 
        "photography": 0.040688912809472552, 
        "lens": 0.022174381054897739, 
        "pc": 0.026049515608180841, 
        "video": 0.03789020452099031, 
        "giveaway": 0.021528525296017224, 
        "check": 0.023466092572658772
    }, 
    "4": {
        "photoshop": 0.014919011082693947, 
        "apple": 0.01278772378516624, 
        "photography": 0.21163682864450128, 
        "lens": 0.014066496163682864, 
        "photos": 0.019181585677749361, 
        "video": 0.023017902813299233, 
        "images": 0.01300085251491901
    }
}