{
    "0": {
        "city": 0.01239067055393586, 
        "nyers": 0.01239067055393586, 
        "farm": 0.016763848396501458, 
        "diet": 0.010932944606413994, 
        "health": 0.015306122448979591, 
        "nyc": 0.032069970845481049
    }, 
    "1": {
        "fnce": 0.018452803406671398, 
        "study": 0.011355571327182399, 
        "fat": 0.013484740951029099, 
        "ff": 0.014194464158977998, 
        "news": 0.011355571327182399, 
        "tomorrow": 0.011355571327182399
    }, 
    "2": {
        "nutrition": 0.016393442622950821, 
        "school": 0.0088797814207650268, 
        "healthy": 0.011612021857923498, 
        "meals": 0.009562841530054645, 
        "eat": 0.010245901639344262, 
        "rdchat": 0.041666666666666664
    }, 
    "3": {
        "hunger": 0.036882393876130827, 
        "food": 0.084203201113430756, 
        "hungry": 0.010438413361169102, 
        "pantry": 0.013221990257480862, 
        "farm": 0.012526096033402923, 
        "york": 0.009046624913013222, 
        "fresh": 0.010438413361169102
    }, 
    "4": {
        "school": 0.009433962264150943, 
        "eating": 0.013477088948787063, 
        "hunger": 0.012803234501347708, 
        "food": 0.068733153638814021, 
        "million": 0.0067385444743935314, 
        "foods": 0.01078167115902965, 
        "nytimes": 0.029649595687331536
    }
}