{
    "0": {
        "bda": 0.013646288209606987, 
        "food": 0.010917030567685589, 
        "free": 0.011189956331877729, 
        "sugar": 0.012281659388646287, 
        "fruit": 0.0092794759825327519, 
        "diet": 0.026473799126637554, 
        "fact": 0.0087336244541484712
    }, 
    "1": {
        "week": 0.015607264472190692, 
        "nutrition": 0.022985244040862655, 
        "advice": 0.016458569807037457, 
        "talking": 0.01021566401816118, 
        "time": 0.022701475595913734, 
        "dietitian": 0.011634506242905789, 
        "hope": 0.0082292849035187285
    }, 
    "2": {
        "rduk": 0.021000276319425255, 
        "weight": 0.012987012987012988, 
        "read": 0.010223818734457032, 
        "work": 0.024316109422492401, 
        "evidence": 0.0085659021829234596, 
        "portion": 0.0082895827576678644, 
        "christmas": 0.0066316662061342915
    }, 
    "3": {
        "diets": 0.012506948304613675, 
        "veg": 0.01500833796553641, 
        "food": 0.040022234574763754, 
        "healthy": 0.01556420233463035, 
        "forward": 0.0094496942745969977, 
        "eat": 0.022234574763757644, 
        "askadietitian": 0.011673151750972763
    }, 
    "4": {
        "tonight": 0.012532042153232698, 
        "eating": 0.016519510111079466, 
        "8pm": 0.0093990316149245232, 
        "rduk": 0.0096838507547707207, 
        "dietitians": 0.012816861293078895, 
        "health": 0.024209626886926801, 
        "uk": 0.0099686698946169182
    }
}