{
    "0": {
        "brabattle2017": 0.010159651669085631, 
        "season": 0.010159651669085631, 
        "live": 0.024310595065312045, 
        "hey": 0.013425253991291727, 
        "game": 0.025036284470246733, 
        "miss": 0.011973875181422351, 
        "wait": 0.013425253991291727
    }, 
    "1": {
        "week": 0.010733452593917709, 
        "night": 0.026475849731663684, 
        "year": 0.0096601073345259393, 
        "morning": 0.010375670840787121, 
        "coming": 0.014311270125223614, 
        "cena": 0.01001788908765653, 
        "memphis": 0.050447227191413237
    }, 
    "2": {
        "wrestling": 0.019439252336448599, 
        "saturday": 0.012710280373831775, 
        "wwe": 0.022056074766355141, 
        "raw": 0.017196261682242992, 
        "fan": 0.013831775700934579, 
        "didnt": 0.012710280373831775, 
        "tomorrow": 0.014579439252336448
    }, 
    "3": {
        "back": 0.014898255813953489, 
        "tonight": 0.039970930232558141, 
        "ready": 0.014171511627906976, 
        "squad": 0.013444767441860465, 
        "fun": 0.014171511627906976, 
        "grindcity": 0.021438953488372093, 
        "guys": 0.025799418604651164
    }, 
    "4": {
        "cerritolive": 0.040816326530612242, 
        "win": 0.013605442176870748, 
        "wrestling": 0.022556390977443608, 
        "chance": 0.01790189760114572, 
        "time": 0.024704618689581095, 
        "11am": 0.01288936627282492, 
        "talk": 0.015037593984962405
    }
}