{
    "0": {
        "greatmusic": 0.011877828054298642, 
        "comics": 0.0062217194570135742, 
        "years": 0.013291855203619909, 
        "fans": 0.0067873303167420816, 
        "randomthoughts": 0.019796380090497737, 
        "time": 0.018099547511312219
    }, 
    "1": {
        "trump": 0.012404849168311249, 
        "prowrestling": 0.013250634338877925, 
        "match": 0.014942204680011277, 
        "io": 0.0076120665351000847, 
        "world": 0.014096419509444602, 
        "hope": 0.00845785170566676, 
        "man": 0.0087397800958556524
    }, 
    "2": {
        "songoftheday": 0.0067189249720044789, 
        "feel": 0.009238521836506159, 
        "wrestling": 0.010358342665173572, 
        "wwe": 0.016517357222844344, 
        "game": 0.006998880179171333, 
        "year": 0.012038073908174692, 
        "japan": 0.0064389697648376256
    }, 
    "3": {
        "nxt": 0.0084602368866328256, 
        "art": 0.0064861816130851666, 
        "pretty": 0.0073322053017484488, 
        "movie": 0.0098702763677382972, 
        "live": 0.007050197405527355, 
        "wrestler": 0.007050197405527355, 
        "sdlive": 0.012126339537507051
    }, 
    "4": {
        "stardom": 0.018018018018018018, 
        "wrestling": 0.007098007098007098, 
        "back": 0.01173901173901174, 
        "part": 0.0081900081900081901, 
        "lot": 0.011193011193011193, 
        "kairi": 0.0087360087360087366, 
        "wrestlemania": 0.016107016107016106
    }
}