{
    "0": {
        "days": 0.0086551264980026625, 
        "tonight": 0.013981358189081226, 
        "royalrumble": 0.0099866844207723033, 
        "team": 0.0083222370173102536, 
        "main": 0.012316910785619174, 
        "event": 0.0089880159786950731, 
        "match": 0.028628495339547269
    }, 
    "1": {
        "week": 0.0090380890897353138, 
        "imaceleb": 0.0087153001936733383, 
        "rawtonight": 0.021626856036152355, 
        "back": 0.020335700451904453, 
        "human": 0.018398967075532603, 
        "didnt": 0.0080697224015493872, 
        "guys": 0.0080697224015493872
    }, 
    "2": {
        "title": 0.015676028739386023, 
        "win": 0.015022860875244938, 
        "years": 0.0094709340300457214, 
        "wwe": 0.025146962769431742, 
        "hiac": 0.007511430437622469, 
        "year": 0.012410189418680601, 
        "iain": 0.0071848465055519267
    }, 
    "3": {
        "face": 0.0091056910569105691, 
        "isnt": 0.008130081300813009, 
        "summerslam": 0.010731707317073172, 
        "night": 0.015284552845528456, 
        "survivorseries": 0.012032520325203253, 
        "hate": 0.0078048780487804878, 
        "wrestlemania": 0.015934959349593495
    }, 
    "4": {
        "fren": 0.010440456769983687, 
        "means": 0.0081566068515497546, 
        "raw": 0.024796084828711255, 
        "wweclash": 0.013703099510603589, 
        "time": 0.02871125611745514, 
        "sdlive": 0.044698205546492661, 
        "cena": 0.0081566068515497546
    }
}