{
    "0": {
        "back": 0.011875309252845126, 
        "eating": 0.014349332013854528, 
        "realtalk": 0.010638297872340425, 
        "feel": 0.012122711528946067, 
        "days": 0.014101929737753587, 
        "morning": 0.0094012864918357249, 
        "eat": 0.0094012864918357249
    }, 
    "1": {
        "real": 0.01399276236429433, 
        "gt": 0.020265379975874548, 
        "food": 0.018094089264173704, 
        "list": 0.0089264173703256944, 
        "cc": 0.010373944511459589, 
        "rdrealtalk": 0.016164053075995177, 
        "rdchat": 0.046803377563329314
    }, 
    "2": {
        "nutrition": 0.027263374485596709, 
        "eating": 0.0079732510288065845, 
        "ft": 0.0074588477366255143, 
        "health": 0.010545267489711935, 
        "rdchat": 0.019804526748971193, 
        "yoga": 0.010030864197530864, 
        "change": 0.007716049382716049
    }, 
    "3": {
        "real": 0.023869984763839513, 
        "life": 0.011681056373793804, 
        "run": 0.037328593194514981, 
        "runchat": 0.03174200101574403, 
        "podcast": 0.012950736414423566, 
        "talk": 0.01244286439817166
    }, 
    "4": {
        "week": 0.015113974231912785, 
        "work": 0.011892963330029732, 
        "isnt": 0.0066897918731417243, 
        "dc": 0.016600594648166503, 
        "running": 0.0064420218037661049, 
        "time": 0.023290386521308225
    }
}