{
    "0": {
        "justin": 0.0070422535211267607, 
        "years": 0.011971830985915493, 
        "wrong": 0.0077464788732394367, 
        "boone": 0.0063380281690140847, 
        "shows": 0.0070422535211267607, 
        "match": 0.0080985915492957743, 
        "care": 0.0084507042253521118
    }, 
    "1": {
        "morty": 0.0078571428571428577, 
        "trump": 0.0089285714285714281, 
        "movie": 0.009285714285714286, 
        "watch": 0.009285714285714286, 
        "back": 0.011428571428571429, 
        "hey": 0.0074999999999999997, 
        "rick": 0.0089285714285714281
    }, 
    "2": {
        "life": 0.011008522727272728, 
        "goddamn": 0.008167613636363636, 
        "stop": 0.007102272727272727, 
        "wrestling": 0.008167613636363636, 
        "time": 0.019886363636363636, 
        "talk": 0.006747159090909091, 
        "man": 0.01171875
    }, 
    "3": {
        "kind": 0.0077821011673151752, 
        "gt": 0.014503006720905553, 
        "garbage": 0.0067209055535903785, 
        "point": 0.007428369296073576, 
        "person": 0.0077821011673151752, 
        "tweets": 0.0070746374248319777, 
        "world": 0.010611956137247965
    }, 
    "4": {
        "song": 0.010893246187363835, 
        "feel": 0.013798111837327523, 
        "give": 0.0065359477124183009, 
        "thought": 0.0083514887436456058, 
        "hell": 0.0076252723311546842, 
        "guy": 0.010530137981118372, 
        "white": 0.007988380537400145
    }
}