{
    "0": {
        "week": 0.013414106447425357, 
        "tv": 0.012115967113803548, 
        "halloween": 0.010817827780181739, 
        "nxtfslive": 0.035482475118996104, 
        "main": 0.011250540891389009, 
        "guys": 0.011250540891389009, 
        "hope": 0.015577672003461706
    }, 
    "1": {
        "nxt": 0.024186822351959968, 
        "nxtorlando": 0.01834862385321101, 
        "back": 0.020433694745621352, 
        "tonight": 0.011676396997497914, 
        "rohlakeland": 0.018765638031693076, 
        "miss": 0.009591326105087573, 
        "shows": 0.010425354462051709
    }, 
    "2": {
        "festwrestling": 0.011642949547218629, 
        "orlando": 0.0077619663648124193, 
        "raw": 0.012936610608020699, 
        "live": 0.0081931867184131084, 
        "time": 0.031479085812850367, 
        "wild": 0.01078050884001725, 
        "didnt": 0.0090556274256144882
    }, 
    "3": {
        "wwenxt": 0.020102651839178785, 
        "wrestling": 0.013259195893926433, 
        "mlwnsn": 0.034644995722840036, 
        "wwe": 0.011548331907613344, 
        "tag": 0.010692899914456801, 
        "world": 0.014542343883661249, 
        "man": 0.011120615911035072
    }, 
    "4": {
        "festwrestling": 0.041322314049586778, 
        "check": 0.020008699434536755, 
        "scitrios": 0.014789038712483689, 
        "lt": 0.021748586341887779, 
        "fun": 0.015658982166159199, 
        "nxtsanford": 0.020008699434536755, 
        "match": 0.036102653327533707
    }
}