{
    "0": {
        "case": 0.022705314009661835, 
        "gt": 0.029468599033816423, 
        "missed": 0.022946859903381644, 
        "mindful": 0.017391304347826087, 
        "healthy": 0.024154589371980676, 
        "recipes": 0.016908212560386472, 
        "monday": 0.018599033816425119
    }, 
    "1": {
        "perfect": 0.016378316032295271, 
        "apple": 0.016608996539792389, 
        "recipe": 0.030680507497116493, 
        "vegan": 0.030219146482122261, 
        "chocolate": 0.018223760092272202, 
        "breakfast": 0.018915801614763552, 
        "pumpkin": 0.017070357554786621
    }, 
    "2": {
        "week": 0.01332687181972377, 
        "sharing": 0.050642112914950327, 
        "ad": 0.028107584201599225, 
        "salad": 0.023261448994426944, 
        "bowl": 0.017688393506178821, 
        "time": 0.01332687181972377, 
        "seafoodparty": 0.021565301671916646
    }, 
    "3": {
        "summer": 0.020253782332845291, 
        "ad": 0.0212298682284041, 
        "recipes": 0.017569546120058566, 
        "squash": 0.016593460224499756, 
        "delicious": 0.0212298682284041, 
        "blueberry": 0.018301610541727673, 
        "wait": 0.01586139580283065
    }, 
    "4": {
        "gift": 0.031541761291950542, 
        "win": 0.029270754478930103, 
        "chance": 0.028261418117587686, 
        "giveaway": 0.033055765833964169, 
        "enter": 0.030280090840272521, 
        "wildyoursmoothie": 0.022962402220539996, 
        "card": 0.028009084027252083
    }
}