{
    "0": {
        "patient": 0.0081833060556464818, 
        "dietitian": 0.011924245966799158, 
        "work": 0.010287584755669862, 
        "important": 0.0077156885667523968, 
        "nhs": 0.015665185877951834, 
        "approach": 0.0077156885667523968, 
        "agree": 0.0067804535889642269
    }, 
    "1": {
        "life": 0.0072227399813606713, 
        "pt": 0.0060577819198508855, 
        "food": 0.027958993476234855, 
        "research": 0.0076887232059645854, 
        "foods": 0.005824790307548928, 
        "obesity": 0.0086206896551724137, 
        "sugar": 0.013047530288909599
    }, 
    "2": {
        "nutrition": 0.021594302779692168, 
        "nutritional": 0.0057431656328968527, 
        "health": 0.018378130025269928, 
        "time": 0.015161957270847692, 
        "eat": 0.0084998851366873424, 
        "icu": 0.011945784516425454, 
        "care": 0.0059728922582127269
    }, 
    "3": {
        "eating": 0.0089552238805970154, 
        "cancer": 0.0087256027554535025, 
        "diet": 0.024569460390355912, 
        "fat": 0.0091848450057405284, 
        "evidence": 0.0084959816303099879, 
        "free": 0.0091848450057405284, 
        "protein": 0.0087256027554535025
    }, 
    "4": {
        "control": 0.0057706179370040876, 
        "read": 0.0081750420774224578, 
        "science": 0.0084154844914642937, 
        "find": 0.0055301755229622508, 
        "dietitians": 0.01033902380379899, 
        "uk": 0.0088963693195479674, 
        "public": 0.0064919451791295981
    }
}