{
    "0": {
        "qs": 0.015713134568896052, 
        "join": 0.040290088638195005, 
        "rduk": 0.13013698630136986, 
        "tonight": 0.051974214343271555, 
        "chat": 0.05378726833199033, 
        "time": 0.022562449637389202
    }, 
    "1": {
        "a1": 0.013136942675159236, 
        "nutrition": 0.016321656050955414, 
        "hydration": 0.015127388535031847, 
        "meat": 0.013136942675159236, 
        "rduk": 0.16978503184713375
    }, 
    "2": {
        "chat": 0.10379652141387694, 
        "rduk": 0.08247615485318871, 
        "sp": 0.040957546287637925, 
        "8pm": 0.10772395735926688, 
        "mon": 0.048064335141200676, 
        "uk": 0.043575836917897889
    }, 
    "3": {
        "week": 0.041234933389722984, 
        "gt": 0.057940367942482557, 
        "insight": 0.02664411080566716, 
        "connect": 0.05772890674561218, 
        "follow": 0.074222880101501368, 
        "recent": 0.057517445548741809
    }
}