{
    "0": {
        "ad": 0.026646928201332347, 
        "salad": 0.013508512213175426, 
        "dessert": 0.012213175425610659, 
        "recipes": 0.014803849000740192, 
        "dinner": 0.011843079200592153, 
        "easy": 0.013693560325684678, 
        "roasted": 0.014988897113249446, 
        "chicken": 0.018504811250925242, 
        "thereciperedux": 0.054034048852701702
    }, 
    "1": {
        "summer": 0.011399738366660438, 
        "salad": 0.030648476920201832, 
        "cheese": 0.0097178097551859459, 
        "healthy": 0.026537095869930853, 
        "ideas": 0.0084096430573724536, 
        "ways": 0.0091571668846944492, 
        "grilled": 0.0089702859278639503, 
        "rdchat": 0.010652214539338442, 
        "strawberry": 0.0085965240142029525
    }, 
    "2": {
        "potato": 0.00997967104047311, 
        "healthy": 0.012936610608020699, 
        "recipes": 0.018111254851228976, 
        "recipe": 0.01034928848641656, 
        "idea": 0.025873221216041398, 
        "chocolate": 0.013306228053964147, 
        "homemade": 0.00997967104047311, 
        "healthykitchenhacks": 0.021437811864720015, 
        "breakfast": 0.011642949547218629
    }, 
    "3": {
        "ad": 0.037757221068529356, 
        "thx": 0.014536530111383802, 
        "food": 0.01000566358316028, 
        "avocado": 0.01057202189918822, 
        "bowl": 0.011138380215216161, 
        "sponsored": 0.024542193694544082, 
        "breakfast": 0.011327166320558807, 
        "holiday": 0.011515952425901454, 
        "weekend": 0.008872946951104398, 
        "thereciperedux": 0.015480460638097037
    }
}