{
    "0": {
        "streetphotography": 0.17898532062838013, 
        "photo": 0.014936904455318053, 
        "upsp": 0.12052536698429049, 
        "untitled": 0.074942055112026784, 
        "street": 0.07210919392222509, 
        "peter": 0.014679371619881535
    }, 
    "1": {
        "streetphotography": 0.068947774633393369, 
        "photo": 0.12271674813480833, 
        "upsp": 0.11062516079238487, 
        "untitled": 0.033444816053511704, 
        "featured": 0.041677386158991511, 
        "street": 0.16902495497813225, 
        "elena": 0.01389246205299717
    }, 
    "2": {
        "streetphotography": 0.13022049286640727, 
        "photo": 0.17924773022049287, 
        "upsp": 0.075486381322957194, 
        "street": 0.13748378728923477, 
        "upspflickr": 0.024124513618677044, 
        "tatsuo": 0.017380025940337225, 
        "suzuki": 0.020492866407263294
    }, 
    "3": {
        "urban": 0.040536983416688599, 
        "streetphotography": 0.076862332192682278, 
        "picnic": 0.03685180310608055, 
        "photo": 0.082916556988681236, 
        "upsp": 0.03474598578573309, 
        "featured": 0.14214266912345355
    }, 
    "4": {
        "streetphotography": 0.045560445249805848, 
        "pau": 0.01604970230390888, 
        "photo": 0.13435154025368884, 
        "upsp": 0.1470359823971007, 
        "street": 0.13176287859176805, 
        "urbanpicnic": 0.014496505306756407, 
        "flickr": 0.038829924928811807
    }
}