{
    "0": {
        "photographer": 0.011950165268243072, 
        "stunning": 0.0096618357487922701, 
        "air": 0.014747012458682939, 
        "antarctica": 0.017543859649122806, 
        "morning": 0.023137554030002543, 
        "weekend": 0.010424612255275871, 
        "check": 0.0099160945842868033
    }, 
    "1": {
        "beautiful": 0.018159203980099504, 
        "wildlife": 0.018159203980099504, 
        "fotobuzz": 0.03308457711442786, 
        "time": 0.016666666666666666, 
        "images": 0.019651741293532338, 
        "check": 0.019900497512437811, 
        "latest": 0.012437810945273632
    }, 
    "2": {
        "shot": 0.02621628434585329, 
        "image": 0.015376859087471641, 
        "tiger": 0.01688933703050164, 
        "amazing": 0.022687169145449961, 
        "mate": 0.021930930173934965, 
        "video": 0.011595664229896647, 
        "andy": 0.010083186286866649
    }, 
    "3": {
        "1dx2": 0.01315136476426799, 
        "awesome": 0.022580645161290321, 
        "year": 0.019106699751861043, 
        "night": 0.016873449131513649, 
        "fun": 0.015384615384615385, 
        "lovely": 0.018114143920595533, 
        "talk": 0.023325062034739455
    }, 
    "4": {
        "week": 0.020289119959421759, 
        "heres": 0.015470453969059092, 
        "photography": 0.015724067968551865, 
        "canon": 0.019781891960436216, 
        "blog": 0.014455997971088003, 
        "aviation": 0.013441541973116916, 
        "nice": 0.018006593963986812
    }
}