{
    "0": {
        "heart": 0.014122230338446555, 
        "cute": 0.010469929388848307, 
        "photography": 0.010226442658875092, 
        "work": 0.0087655222790357923, 
        "time": 0.018261504747991233, 
        "world": 0.020452885317750184, 
        "christmas": 0.0080350620891161424
    }, 
    "1": {
        "suki": 0.021541407371948301, 
        "spring": 0.010292005744375299, 
        "anglesey": 0.016036381043561514, 
        "ocean": 0.010052656773575874, 
        "night": 0.011010052656773576, 
        "flowers": 0.010292005744375299, 
        "beach": 0.017472474868358068
    }, 
    "2": {
        "beautiful": 0.034348355663824603, 
        "casting": 0.015347137637028014, 
        "sweet": 0.017539585870889159, 
        "agency": 0.011936662606577345, 
        "young": 0.01412911084043849, 
        "model": 0.047746650426309378, 
        "girl": 0.019244823386114496
    }, 
    "3": {
        "life": 0.024177949709864602, 
        "natural": 0.013056092843326886, 
        "light": 0.020793036750483558, 
        "yx": 0.0640715667311412, 
        "lt": 0.024177949709864602, 
        "sprollie": 0.014748549323017408, 
        "model": 0.012572533849129593
    }, 
    "4": {
        "shoot": 0.033954256071681205, 
        "yj": 0.062956849799575568, 
        "northwales": 0.037255364300872437, 
        "photo": 0.033718462626738978, 
        "photography": 0.082763499174722949, 
        "portrait": 0.051402970997406275, 
        "photoshoot": 0.022400377269511908
    }
}